{
    "0": {
        "components": {
            "sprite": {
                "color": [
                    0.20000000298023224,
                    0.30000001192092896,
                    1.0,
                    1.0
                ]
            },
            "tag": "Square",
            "transform": [
                1.0,
                0.0,
                0.0,
                0.0,
                0.0,
                1.0,
                0.0,
                0.0,
                0.0,
                0.0,
                1.0,
                0.0,
                0.0,
                0.0,
                0.0,
                1.0
            ]
        }
    },
    "1": {
        "components": {
            "camera": {
                "aspectRatio": 1.0,
                "primary": true,
                "zoom": 2.5
            },
            "tag": "Main Camera",
            "transform": [
                1.0,
                0.0,
                0.0,
                0.0,
                0.0,
                1.0,
                0.0,
                0.0,
                0.0,
                0.0,
                1.0,
                0.0,
                0.0,
                0.0,
                0.0,
                1.0
            ]
        }
    }
}